num_doc,nombre,email,tipo_doc,rol_cliente
1,Micaela,mdrysdale0@tumblr.com,Passport,cliente
2,Sue,slufkin1@boston.com,Passport,cliente
3,Ive,imatzke2@apache.org,Passport,cliente
4,Giselbert,gobrollachain3@squidoo.com,Social Security Card,cliente
5,Thomas,thatley4@nymag.com,ID Card,cliente
6,Amaleta,abutterley5@ebay.co.uk,Birth Certificate,cliente
7,Madlen,mhoffmann6@toplist.cz,Birth Certificate,cliente
8,Auria,afaloon7@imageshack.us,ID Card,cliente
9,Mamie,mdoy8@ycombinator.com,Passport,cliente
10,Heddie,hmcloney9@utexas.edu,Passport,cliente
11,Cynthea,cleilea@drupal.org,ID Card,cliente
12,Janenna,jparrishb@telegraph.co.uk,Passport,cliente
13,Lyda,lioannidisc@ebay.com,ID Card,cliente
14,Danit,dsurcombd@mysql.com,Passport,cliente
15,Sidoney,slentee@liveinternet.ru,Social Security Card,cliente
16,Bendicty,bkreutzerf@state.tx.us,Birth Certificate,cliente
17,Selena,svaarg@bandcamp.com,Passport,cliente
18,Gretal,ghammanth@usgs.gov,ID Card,cliente
19,Rafi,rgrenehami@google.ca,Driver's License,cliente
20,Kilian,kmaddyj@cornell.edu,Passport,cliente
21,Marguerite,mbullersk@usatoday.com,Social Security Card,cliente
22,Kareem,kduckeringl@fotki.com,Social Security Card,cliente
23,Sheridan,sstennetm@pinterest.com,Birth Certificate,cliente
24,Albertine,amathenn@hc360.com,Social Security Card,cliente
25,Miltie,mdimbylowo@house.gov,ID Card,cliente
26,Jeri,jpavettp@house.gov,Social Security Card,cliente
27,Maren,mgrinterq@ed.gov,ID Card,cliente
28,Lance,lradenr@typepad.com,Birth Certificate,cliente
29,Berky,bcongraves@yolasite.com,Social Security Card,cliente
30,Jourdan,jyurtsevt@google.com,Driver's License,cliente
31,Elvyn,efrithu@opera.com,Driver's License,cliente
32,Nessie,njestev@bravesites.com,Driver's License,cliente
33,Esra,edeeksw@si.edu,ID Card,cliente
34,Peter,ptyghtx@eventbrite.com,Birth Certificate,cliente
35,Osbert,ovanyakiny@amazon.com,Passport,cliente
36,Doretta,dpragnellz@illinois.edu,Social Security Card,cliente
37,Cece,cdonavan10@blogspot.com,Social Security Card,cliente
38,Ebba,emullin11@senate.gov,Passport,cliente
39,Adelbert,akingzeth12@scientificamerican.com,Passport,cliente
40,Elysia,ebrody13@infoseek.co.jp,Birth Certificate,cliente
41,Arley,ablizard14@zdnet.com,Driver's License,cliente
42,Nickie,ngapper15@zdnet.com,Driver's License,cliente
43,Mirabel,mcoule16@boston.com,Birth Certificate,cliente
44,Marina,msouten17@furl.net,Birth Certificate,cliente
45,Alfons,akonneke18@blogger.com,Social Security Card,cliente
46,Lizzie,lcurman19@hugedomains.com,ID Card,cliente
47,Shelby,sbenaine1a@google.cn,Driver's License,cliente
48,Micki,mpaireman1b@google.co.uk,ID Card,cliente
49,Mitch,mfilippello1c@accuweather.com,Driver's License,cliente
50,Zackariah,zkobel1d@ebay.co.uk,ID Card,cliente
51,Rutter,rfavelle1e@chronoengine.com,Driver's License,cliente
52,Dee dee,dmuehle1f@mapy.cz,ID Card,cliente
53,Lora,lwillerton1g@europa.eu,Birth Certificate,cliente
54,Smitty,sstevani1h@nasa.gov,Driver's License,cliente
55,Abbie,astothard1i@time.com,Driver's License,cliente
56,Chere,cjills1j@mac.com,Driver's License,cliente
57,Ami,acawthery1k@twitter.com,ID Card,cliente
58,Keefer,kguilloton1l@craigslist.org,ID Card,cliente
59,Neysa,nlaugier1m@cargocollective.com,Driver's License,cliente
60,Jed,jjewise1n@scientificamerican.com,Driver's License,cliente
61,Corrianne,cmogford1o@kickstarter.com,ID Card,cliente
62,Hedwig,hbabbe1p@tinypic.com,Social Security Card,cliente
63,Isak,ifoard1q@plala.or.jp,Driver's License,cliente
64,Eduino,ejagiela1r@bbb.org,Passport,cliente
65,Pail,pcroall1s@telegraph.co.uk,Driver's License,cliente
66,Janith,jchesswas1t@unblog.fr,ID Card,cliente
67,Berne,bfalloon1u@msu.edu,Social Security Card,cliente
68,Rodney,rdimelow1v@flickr.com,ID Card,cliente
69,Valentine,vteodoro1w@newsvine.com,ID Card,cliente
70,Kristyn,kdelf1x@slashdot.org,Passport,cliente
71,Hugh,hbestwall1y@nature.com,Driver's License,cliente
72,Farlie,fgreenlees1z@ucoz.ru,Social Security Card,cliente
73,Purcell,pagerskow20@free.fr,Social Security Card,cliente
74,Demeter,droast21@psu.edu,Birth Certificate,cliente
75,Batholomew,beidler22@t-online.de,Driver's License,cliente
76,Ashby,ajekel23@flavors.me,Passport,cliente
77,Marylinda,mtuxsell24@cbsnews.com,Driver's License,cliente
78,Svend,srizzetti25@msn.com,Social Security Card,cliente
79,Levey,ltoplin26@merriam-webster.com,Driver's License,cliente
80,Kile,kgartland27@wikipedia.org,Driver's License,cliente
81,Darda,dwindsor28@jiathis.com,Social Security Card,cliente
82,Charmane,cdeblasi29@amazonaws.com,Birth Certificate,cliente
83,Rudy,rdelgado2a@tmall.com,Passport,cliente
84,Smith,swrassell2b@hhs.gov,ID Card,cliente
85,Bride,bturfin2c@so-net.ne.jp,ID Card,cliente
86,Pancho,pkose2d@usnews.com,Passport,cliente
87,Corly,cphilcock2e@taobao.com,Birth Certificate,cliente
88,Nichols,njurek2f@oracle.com,Birth Certificate,cliente
89,Whit,wkopmann2g@marriott.com,Passport,cliente
90,Eduino,ewalas2h@xing.com,Social Security Card,cliente
91,Celinda,cjellett2i@people.com.cn,Passport,cliente
92,Rebekah,rmillier2j@hhs.gov,ID Card,cliente
93,Vincenz,vwittering2k@odnoklassniki.ru,Passport,cliente
94,Linnell,lbutcher2l@miibeian.gov.cn,Birth Certificate,cliente
95,Caril,cwaddilow2m@japanpost.jp,Passport,cliente
96,Krystle,kfann2n@thetimes.co.uk,Birth Certificate,cliente
97,Benyamin,bziem2o@surveymonkey.com,Birth Certificate,cliente
98,Imogene,iaucock2p@unicef.org,Social Security Card,cliente
99,Osgood,opapa2q@ask.com,Driver's License,cliente
100,Brendin,bjeandet2r@pinterest.com,Social Security Card,cliente
